{
  "name": "WebGIS Story",
  "short_name": "StoryApp",
  "description": "Aplikasi WebGIS Story untuk menambah dan melihat cerita di peta",
  "start_url": "./index.html",
  "display": "standalone",
  "background_color": "#ffffff",
  "theme_color": "#2f3640",
  "orientation": "portrait-primary",
  "icons": [
    {
      "src": "./assets/icons/icon-192.png",
      "sizes": "192x192",
      "type": "image/png",
      "purpose": "any maskable"
    },
    {
      "src": "./assets/icons/icon-512.png",
      "sizes": "512x512",
      "type": "image/png",
      "purpose": "any maskable"
    }
  ]
}